"","id","administrative_area_level_1","date2","hc_1","hc_2","hc_3","hc_4","hc_5","g1","g2","g3","max","cluster"
"1","AUS","Australia","2020-03",1,1,1,1,1,5,0,0,5,1
"2","AUS","Australia","2020-04",1,1,1,1,1,5,0,0,5,1
"3","AUS","Australia","2020-05",1,1,1,1,1,5,0,0,5,1
"4","AUS","Australia","2020-06",1,1,1,1,1,5,0,0,5,1
"5","AUS","Australia","2020-07",1,1,1,1,1,5,0,0,5,1
"6","AUS","Australia","2020-08",1,1,1,1,1,5,0,0,5,1
"7","AUS","Australia","2020-09",1,1,1,1,1,5,0,0,5,1
"8","AUS","Australia","2020-10",1,1,1,1,1,5,0,0,5,1
"9","AUS","Australia","2020-11",1,1,1,1,1,5,0,0,5,1
"10","AUS","Australia","2020-12",1,1,1,1,1,5,0,0,5,1
"11","AUS","Australia","2020-13",1,1,1,1,1,5,0,0,5,1
"12","AUS","Australia","2020-14",1,1,1,1,1,5,0,0,5,1
"13","AUS","Australia","2020-15",1,1,1,1,1,5,0,0,5,1
"14","AUS","Australia","2020-16",1,1,1,1,1,5,0,0,5,1
"15","AUS","Australia","2020-17",1,1,1,1,1,5,0,0,5,1
"16","AUS","Australia","2020-18",1,1,1,1,1,5,0,0,5,1
"17","AUS","Australia","2020-19",1,1,1,1,1,5,0,0,5,1
"18","AUS","Australia","2020-20",1,1,1,1,1,5,0,0,5,1
"19","AUS","Australia","2020-21",1,1,1,1,1,5,0,0,5,1
"20","AUS","Australia","2020-22",1,1,1,1,1,5,0,0,5,1
"21","AUS","Australia","2020-23",1,1,1,1,1,5,0,0,5,1
"22","AUS","Australia","2020-24",1,1,1,1,1,5,0,0,5,1
"23","AUS","Australia","2020-25",1,1,1,1,1,5,0,0,5,1
"24","AUS","Australia","2020-26",1,1,1,1,1,5,0,0,5,1
"25","AUS","Australia","2020-27",1,1,1,1,1,5,0,0,5,1
"26","AUS","Australia","2020-28",1,1,1,1,1,5,0,0,5,1
"27","AUS","Australia","2020-29",1,1,1,1,1,5,0,0,5,1
"28","AUS","Australia","2020-30",1,1,1,1,1,5,0,0,5,1
"29","AUS","Australia","2020-31",1,1,1,1,1,5,0,0,5,1
"30","AUS","Australia","2020-32",1,1,1,1,1,5,0,0,5,1
"31","AUS","Australia","2020-33",1,1,1,1,1,5,0,0,5,1
"32","AUS","Australia","2020-34",1,1,1,1,1,5,0,0,5,1
"33","AUS","Australia","2020-35",1,1,1,1,1,5,0,0,5,1
"34","AUS","Australia","2020-36",1,1,1,1,1,5,0,0,5,1
"35","AUS","Australia","2020-37",1,1,1,1,1,5,0,0,5,1
"36","AUS","Australia","2020-38",1,1,1,1,1,5,0,0,5,1
"37","AUS","Australia","2020-39",1,1,1,1,1,5,0,0,5,1
"38","AUS","Australia","2020-40",1,1,1,1,1,5,0,0,5,1
"39","AUS","Australia","2020-41",1,1,1,1,1,5,0,0,5,1
"40","AUS","Australia","2020-42",1,1,1,1,1,5,0,0,5,1
"41","AUS","Australia","2020-43",1,1,1,1,1,5,0,0,5,1
"42","AUS","Australia","2020-44",1,1,1,1,1,5,0,0,5,1
"43","AUS","Australia","2020-45",1,1,1,1,1,5,0,0,5,1
"44","AUS","Australia","2020-46",1,1,1,1,1,5,0,0,5,1
"45","AUS","Australia","2020-47",1,1,1,1,1,5,0,0,5,1
"46","AUS","Australia","2020-48",1,1,1,1,1,5,0,0,5,1
"47","AUS","Australia","2020-49",1,1,1,1,1,5,0,0,5,1
"48","AUS","Australia","2020-50",1,1,1,1,1,5,0,0,5,1
"49","AUS","Australia","2020-51",1,1,1,1,1,5,0,0,5,1
"50","AUS","Australia","2020-52",1,1,1,1,1,5,0,0,5,1
"51","AUS","Australia","2021-00",1,1,1,1,1,5,0,0,5,1
"52","AUS","Australia","2021-01",1,1,1,1,1,5,0,0,5,1
"53","AUS","Australia","2021-02",1,1,1,1,1,5,0,0,5,1
"54","AUS","Australia","2021-03",1,1,1,1,1,5,0,0,5,1
"55","AUS","Australia","2021-04",1,1,1,1,1,5,0,0,5,1
"56","AUS","Australia","2021-05",1,1,1,1,1,5,0,0,5,1
"57","AUS","Australia","2021-06",1,1,1,1,1,5,0,0,5,1
"58","AUS","Australia","2021-07",1,1,1,1,1,5,0,0,5,1
"59","AUS","Australia","2021-08",1,1,1,1,1,5,0,0,5,1
"60","AUS","Australia","2021-09",1,1,1,1,1,5,0,0,5,1
"61","AUS","Australia","2021-10",1,1,1,1,1,5,0,0,5,1
"62","AUS","Australia","2021-11",1,1,1,1,1,5,0,0,5,1
"63","AUS","Australia","2021-12",1,1,1,1,1,5,0,0,5,1
"64","AUS","Australia","2021-13",1,1,1,1,1,5,0,0,5,1
"65","AUS","Australia","2021-14",1,1,1,1,1,5,0,0,5,1
"66","AUS","Australia","2021-15",1,1,1,1,1,5,0,0,5,1
"67","AUS","Australia","2021-16",1,1,1,1,1,5,0,0,5,1
"68","AUS","Australia","2021-17",1,1,1,1,1,5,0,0,5,1
"69","AUS","Australia","2021-18",1,1,1,1,1,5,0,0,5,1
"70","AUS","Australia","2021-19",1,1,1,1,1,5,0,0,5,1
"71","AUS","Australia","2021-20",1,1,1,1,1,5,0,0,5,1
"72","AUS","Australia","2021-21",1,1,1,1,1,5,0,0,5,1
"73","AUS","Australia","2021-22",1,1,1,1,1,5,0,0,5,1
"74","AUS","Australia","2021-23",1,1,1,1,1,5,0,0,5,1
"75","AUS","Australia","2021-24",1,1,1,1,1,5,0,0,5,1
"76","AUS","Australia","2021-25",1,1,1,1,1,5,0,0,5,1
"77","AUS","Australia","2021-26",1,1,1,1,1,5,0,0,5,1
"78","AUS","Australia","2021-27",1,1,1,1,1,5,0,0,5,1
"79","AUS","Australia","2021-28",1,1,1,1,1,5,0,0,5,1
"80","AUS","Australia","2021-29",1,1,1,1,1,5,0,0,5,1
"81","AUS","Australia","2021-30",1,1,1,1,1,5,0,0,5,1
"82","AUS","Australia","2021-31",1,1,1,1,1,5,0,0,5,1
"83","AUS","Australia","2021-32",1,1,1,1,1,5,0,0,5,1
"84","AUS","Australia","2021-33",1,1,1,1,1,5,0,0,5,1
"85","AUS","Australia","2021-34",1,1,1,1,1,5,0,0,5,1
"86","AUS","Australia","2021-35",1,1,1,1,1,5,0,0,5,1
"87","AUS","Australia","2021-36",1,1,1,1,1,5,0,0,5,1
"88","AUS","Australia","2021-37",1,1,1,1,1,5,0,0,5,1
"89","AUS","Australia","2021-38",1,1,1,1,1,5,0,0,5,1
"90","AUS","Australia","2021-39",2,1,1,1,2,3,2,0,3,1
"91","CAN","Canada","2020-03",1,1,1,2,1,4,1,0,4,1
"92","CAN","Canada","2020-04",1,1,1,1,1,5,0,0,5,1
"93","CAN","Canada","2020-05",1,1,1,1,1,5,0,0,5,1
"94","CAN","Canada","2020-06",1,1,1,1,1,5,0,0,5,1
"95","CAN","Canada","2020-07",1,1,1,1,1,5,0,0,5,1
"96","CAN","Canada","2020-08",1,1,1,1,1,5,0,0,5,1
"97","CAN","Canada","2020-09",1,1,1,1,1,5,0,0,5,1
"98","CAN","Canada","2020-10",1,1,1,1,1,5,0,0,5,1
"99","CAN","Canada","2020-11",1,1,1,1,1,5,0,0,5,1
"100","CAN","Canada","2020-12",1,1,1,1,1,5,0,0,5,1
"101","CAN","Canada","2020-13",1,1,1,1,1,5,0,0,5,1
"102","CAN","Canada","2020-14",1,1,1,1,1,5,0,0,5,1
"103","CAN","Canada","2020-15",1,1,1,1,1,5,0,0,5,1
"104","CAN","Canada","2020-16",1,1,1,1,1,5,0,0,5,1
"105","CAN","Canada","2020-17",1,1,1,1,1,5,0,0,5,1
"106","CAN","Canada","2020-18",1,1,1,1,1,5,0,0,5,1
"107","CAN","Canada","2020-19",1,1,1,1,1,5,0,0,5,1
"108","CAN","Canada","2020-20",1,1,1,1,1,5,0,0,5,1
"109","CAN","Canada","2020-21",1,1,1,1,1,5,0,0,5,1
"110","CAN","Canada","2020-22",1,1,1,1,1,5,0,0,5,1
"111","CAN","Canada","2020-23",1,1,1,1,1,5,0,0,5,1
"112","CAN","Canada","2020-24",1,1,1,1,1,5,0,0,5,1
"113","CAN","Canada","2020-25",1,1,1,1,1,5,0,0,5,1
"114","CAN","Canada","2020-26",1,1,1,1,1,5,0,0,5,1
"115","CAN","Canada","2020-27",1,1,1,1,1,5,0,0,5,1
"116","CAN","Canada","2020-28",1,1,1,1,1,5,0,0,5,1
"117","CAN","Canada","2020-29",1,1,1,1,1,5,0,0,5,1
"118","CAN","Canada","2020-30",1,1,1,1,1,5,0,0,5,1
"119","CAN","Canada","2020-31",1,1,1,1,1,5,0,0,5,1
"120","CAN","Canada","2020-32",1,1,1,1,1,5,0,0,5,1
"121","CAN","Canada","2020-33",1,1,1,1,1,5,0,0,5,1
"122","CAN","Canada","2020-34",1,1,1,1,1,5,0,0,5,1
"123","CAN","Canada","2020-35",1,1,1,1,1,5,0,0,5,1
"124","CAN","Canada","2020-36",1,1,1,1,1,5,0,0,5,1
"125","CAN","Canada","2020-37",1,1,1,1,1,5,0,0,5,1
"126","CAN","Canada","2020-38",1,1,1,1,1,5,0,0,5,1
"127","CAN","Canada","2020-39",1,1,1,1,1,5,0,0,5,1
"128","CAN","Canada","2020-40",1,1,1,1,1,5,0,0,5,1
"129","CAN","Canada","2020-41",1,1,1,1,1,5,0,0,5,1
"130","CAN","Canada","2020-42",1,1,1,1,1,5,0,0,5,1
"131","CAN","Canada","2020-43",1,1,1,1,1,5,0,0,5,1
"132","CAN","Canada","2020-44",1,1,1,1,1,5,0,0,5,1
"133","CAN","Canada","2020-45",1,1,1,1,1,5,0,0,5,1
"134","CAN","Canada","2020-46",1,1,1,1,1,5,0,0,5,1
"135","CAN","Canada","2020-47",1,1,1,1,1,5,0,0,5,1
"136","CAN","Canada","2020-48",1,1,1,1,1,5,0,0,5,1
"137","CAN","Canada","2020-49",1,1,1,1,1,5,0,0,5,1
"138","CAN","Canada","2020-50",1,1,1,1,1,5,0,0,5,1
"139","CAN","Canada","2020-51",1,1,1,1,1,5,0,0,5,1
"140","CAN","Canada","2020-52",1,1,1,1,1,5,0,0,5,1
"141","CAN","Canada","2021-00",1,1,1,1,1,5,0,0,5,1
"142","CAN","Canada","2021-01",1,1,1,1,1,5,0,0,5,1
"143","CAN","Canada","2021-02",1,1,1,1,1,5,0,0,5,1
"144","CAN","Canada","2021-03",1,1,1,1,1,5,0,0,5,1
"145","CAN","Canada","2021-04",1,1,1,1,1,5,0,0,5,1
"146","CAN","Canada","2021-05",1,1,1,1,1,5,0,0,5,1
"147","CAN","Canada","2021-06",1,1,1,1,1,5,0,0,5,1
"148","CAN","Canada","2021-07",1,1,1,1,1,5,0,0,5,1
"149","CAN","Canada","2021-08",1,1,1,1,1,5,0,0,5,1
"150","CAN","Canada","2021-09",1,1,1,1,1,5,0,0,5,1
"151","CAN","Canada","2021-10",1,1,1,1,1,5,0,0,5,1
"152","CAN","Canada","2021-11",1,1,1,1,1,5,0,0,5,1
"153","CAN","Canada","2021-12",1,1,1,1,1,5,0,0,5,1
"154","CAN","Canada","2021-13",1,1,1,1,1,5,0,0,5,1
"155","CAN","Canada","2021-14",1,1,1,1,1,5,0,0,5,1
"156","CAN","Canada","2021-15",1,1,1,1,1,5,0,0,5,1
"157","CAN","Canada","2021-16",1,1,1,1,1,5,0,0,5,1
"158","CAN","Canada","2021-17",1,1,1,1,1,5,0,0,5,1
"159","CAN","Canada","2021-18",1,1,1,1,1,5,0,0,5,1
"160","CAN","Canada","2021-19",1,1,1,1,1,5,0,0,5,1
"161","CAN","Canada","2021-20",1,1,1,1,1,5,0,0,5,1
"162","CAN","Canada","2021-21",1,1,1,1,1,5,0,0,5,1
"163","CAN","Canada","2021-22",1,1,1,1,1,5,0,0,5,1
"164","CAN","Canada","2021-23",1,1,1,1,1,5,0,0,5,1
"165","CAN","Canada","2021-24",1,1,1,1,1,5,0,0,5,1
"166","CAN","Canada","2021-25",2,1,1,1,2,3,2,0,3,1
"167","CAN","Canada","2021-26",2,1,1,1,2,3,2,0,3,1
"168","CAN","Canada","2021-27",2,1,1,1,2,3,2,0,3,1
"169","CAN","Canada","2021-28",2,1,1,1,2,3,2,0,3,1
"170","CAN","Canada","2021-29",2,1,1,1,2,3,2,0,3,1
"171","CAN","Canada","2021-30",2,1,1,1,2,3,2,0,3,1
"172","CAN","Canada","2021-31",2,1,1,1,2,3,2,0,3,1
"173","CAN","Canada","2021-32",2,1,1,1,2,3,2,0,3,1
"174","CAN","Canada","2021-33",2,1,1,1,2,3,2,0,3,1
"175","CAN","Canada","2021-34",2,1,1,1,2,3,2,0,3,1
"176","CAN","Canada","2021-35",2,1,1,1,2,3,2,0,3,1
"177","CAN","Canada","2021-36",2,1,1,1,2,3,2,0,3,1
"178","CAN","Canada","2021-37",2,1,1,1,2,3,2,0,3,1
"179","CAN","Canada","2021-38",2,1,1,1,2,3,2,0,3,1
"180","CAN","Canada","2021-39",3,2,1,2,3,1,2,2,2,2
"181","CHL","Chile","2020-03",1,2,1,2,1,3,2,0,3,1
"182","CHL","Chile","2020-04",1,2,1,2,1,3,2,0,3,1
"183","CHL","Chile","2020-05",1,2,1,2,1,3,2,0,3,1
"184","CHL","Chile","2020-06",1,2,1,2,1,3,2,0,3,1
"185","CHL","Chile","2020-07",1,2,1,2,2,2,3,0,3,2
"186","CHL","Chile","2020-08",1,2,1,2,1,3,2,0,3,1
"187","CHL","Chile","2020-09",1,1,1,2,1,4,1,0,4,1
"188","CHL","Chile","2020-10",1,2,1,2,1,3,2,0,3,1
"189","CHL","Chile","2020-11",1,1,1,1,1,5,0,0,5,1
"190","CHL","Chile","2020-12",1,1,1,1,1,5,0,0,5,1
"191","CHL","Chile","2020-13",1,1,1,1,1,5,0,0,5,1
"192","CHL","Chile","2020-14",1,1,1,1,1,5,0,0,5,1
"193","CHL","Chile","2020-15",1,1,1,1,1,5,0,0,5,1
"194","CHL","Chile","2020-16",1,1,1,1,1,5,0,0,5,1
"195","CHL","Chile","2020-17",1,1,1,1,1,5,0,0,5,1
"196","CHL","Chile","2020-18",1,1,1,1,1,5,0,0,5,1
"197","CHL","Chile","2020-19",1,1,1,1,1,5,0,0,5,1
"198","CHL","Chile","2020-20",1,1,1,1,1,5,0,0,5,1
"199","CHL","Chile","2020-21",1,1,1,1,1,5,0,0,5,1
"200","CHL","Chile","2020-22",1,1,1,1,1,5,0,0,5,1
"201","CHL","Chile","2020-23",1,1,1,1,1,5,0,0,5,1
"202","CHL","Chile","2020-24",1,1,1,1,1,5,0,0,5,1
"203","CHL","Chile","2020-25",1,1,1,1,1,5,0,0,5,1
"204","CHL","Chile","2020-26",1,1,1,1,1,5,0,0,5,1
"205","CHL","Chile","2020-27",1,1,1,1,1,5,0,0,5,1
"206","CHL","Chile","2020-28",1,1,1,1,1,5,0,0,5,1
"207","CHL","Chile","2020-29",1,1,1,1,1,5,0,0,5,1
"208","CHL","Chile","2020-30",1,1,1,1,1,5,0,0,5,1
"209","CHL","Chile","2020-31",1,1,1,1,1,5,0,0,5,1
"210","CHL","Chile","2020-32",1,1,1,1,1,5,0,0,5,1
"211","CHL","Chile","2020-33",1,1,1,1,1,5,0,0,5,1
"212","CHL","Chile","2020-34",1,1,1,1,1,5,0,0,5,1
"213","CHL","Chile","2020-35",1,1,1,1,1,5,0,0,5,1
"214","CHL","Chile","2020-36",1,1,1,1,1,5,0,0,5,1
"215","CHL","Chile","2020-37",1,1,1,1,1,5,0,0,5,1
"216","CHL","Chile","2020-38",1,1,1,1,1,5,0,0,5,1
"217","CHL","Chile","2020-39",1,1,1,1,1,5,0,0,5,1
"218","CHL","Chile","2020-40",1,1,1,1,1,5,0,0,5,1
"219","CHL","Chile","2020-41",1,1,1,1,1,5,0,0,5,1
"220","CHL","Chile","2020-42",1,1,1,1,1,5,0,0,5,1
"221","CHL","Chile","2020-43",1,1,1,1,1,5,0,0,5,1
"222","CHL","Chile","2020-44",1,1,1,1,1,5,0,0,5,1
"223","CHL","Chile","2020-45",1,1,1,1,1,5,0,0,5,1
"224","CHL","Chile","2020-46",1,1,1,1,1,5,0,0,5,1
"225","CHL","Chile","2020-47",1,1,1,1,1,5,0,0,5,1
"226","CHL","Chile","2020-48",1,1,1,1,1,5,0,0,5,1
"227","CHL","Chile","2020-49",1,1,1,1,1,5,0,0,5,1
"228","CHL","Chile","2020-50",1,1,1,1,1,5,0,0,5,1
"229","CHL","Chile","2020-51",1,1,1,1,1,5,0,0,5,1
"230","CHL","Chile","2020-52",1,1,1,1,1,5,0,0,5,1
"231","CHL","Chile","2021-00",1,1,1,1,1,5,0,0,5,1
"232","CHL","Chile","2021-01",1,1,1,1,1,5,0,0,5,1
"233","CHL","Chile","2021-02",1,1,1,1,1,5,0,0,5,1
"234","CHL","Chile","2021-03",1,1,1,1,1,5,0,0,5,1
"235","CHL","Chile","2021-04",1,1,1,1,1,5,0,0,5,1
"236","CHL","Chile","2021-05",1,1,1,1,1,5,0,0,5,1
"237","CHL","Chile","2021-06",1,1,1,1,1,5,0,0,5,1
"238","CHL","Chile","2021-07",1,1,1,1,1,5,0,0,5,1
"239","CHL","Chile","2021-08",1,1,1,1,1,5,0,0,5,1
"240","CHL","Chile","2021-09",1,1,1,1,1,5,0,0,5,1
"241","CHL","Chile","2021-10",1,3,2,3,2,1,2,2,2,2
"242","CHL","Chile","2021-11",2,3,2,3,2,0,3,2,3,2
"243","CHL","Chile","2021-12",2,3,2,3,2,0,3,2,3,2
"244","CHL","Chile","2021-13",2,3,2,3,2,0,3,2,3,2
"245","CHL","Chile","2021-14",2,3,2,3,2,0,3,2,3,2
"246","CHL","Chile","2021-15",2,3,2,3,2,0,3,2,3,2
"247","CHL","Chile","2021-16",2,3,2,3,2,0,3,2,3,2
"248","CHL","Chile","2021-17",2,3,2,3,2,0,3,2,3,2
"249","CHL","Chile","2021-18",2,3,2,3,2,0,3,2,3,2
"250","CHL","Chile","2021-19",2,3,2,3,2,0,3,2,3,2
"251","CHL","Chile","2021-20",2,3,2,3,2,0,3,2,3,2
"252","CHL","Chile","2021-21",2,3,2,3,2,0,3,2,3,2
"253","CHL","Chile","2021-22",2,3,2,3,2,0,3,2,3,2
"254","CHL","Chile","2021-23",2,3,2,3,2,0,3,2,3,2
"255","CHL","Chile","2021-24",2,3,2,3,2,0,3,2,3,2
"256","CHL","Chile","2021-25",2,3,2,3,2,0,3,2,3,2
"257","CHL","Chile","2021-26",2,3,2,3,2,0,3,2,3,2
"258","CHL","Chile","2021-27",2,3,2,3,2,0,3,2,3,2
"259","CHL","Chile","2021-28",2,3,2,3,2,0,3,2,3,2
"260","CHL","Chile","2021-29",2,3,2,3,2,0,3,2,3,2
"261","CHL","Chile","2021-30",2,3,2,3,2,0,3,2,3,2
"262","CHL","Chile","2021-31",2,3,2,3,2,0,3,2,3,2
"263","CHL","Chile","2021-32",2,3,2,3,2,0,3,2,3,2
"264","CHL","Chile","2021-33",2,3,2,3,2,0,3,2,3,2
"265","CHL","Chile","2021-34",2,3,2,3,2,0,3,2,3,2
"266","CHL","Chile","2021-35",2,3,2,3,2,0,3,2,3,2
"267","CHL","Chile","2021-36",2,3,2,3,2,0,3,2,3,2
"268","CHL","Chile","2021-37",2,3,2,3,2,0,3,2,3,2
"269","CHL","Chile","2021-38",2,3,2,3,2,0,3,2,3,2
"270","CHL","Chile","2021-39",2,2,1,3,2,1,3,1,3,2
"271","COL","Colombia","2020-03",1,2,3,2,1,2,2,1,2,1
"272","COL","Colombia","2020-04",1,2,3,2,1,2,2,1,2,1
"273","COL","Colombia","2020-05",1,2,3,2,1,2,2,1,2,1
"274","COL","Colombia","2020-06",1,2,3,2,1,2,2,1,2,1
"275","COL","Colombia","2020-07",1,2,3,2,1,2,2,1,2,1
"276","COL","Colombia","2020-08",1,2,3,2,1,2,2,1,2,1
"277","COL","Colombia","2020-09",1,2,3,2,1,2,2,1,2,1
"278","COL","Colombia","2020-10",1,2,3,2,1,2,2,1,2,1
"279","COL","Colombia","2020-11",3,2,3,2,1,1,2,2,2,2
"280","COL","Colombia","2020-12",3,2,3,2,3,0,2,3,3,3
"281","COL","Colombia","2020-13",3,2,3,2,3,0,2,3,3,3
"282","COL","Colombia","2020-14",3,2,3,2,3,0,2,3,3,3
"283","COL","Colombia","2020-15",3,2,3,2,3,0,2,3,3,3
"284","COL","Colombia","2020-16",3,2,3,2,3,0,2,3,3,3
"285","COL","Colombia","2020-17",3,2,3,2,3,0,2,3,3,3
"286","COL","Colombia","2020-18",3,2,3,2,3,0,2,3,3,3
"287","COL","Colombia","2020-19",3,2,3,2,3,0,2,3,3,3
"288","COL","Colombia","2020-20",3,2,3,2,3,0,2,3,3,3
"289","COL","Colombia","2020-21",3,2,3,2,3,0,2,3,3,3
"290","COL","Colombia","2020-22",3,2,3,2,3,0,2,3,3,3
"291","COL","Colombia","2020-23",3,2,3,2,3,0,2,3,3,3
"292","COL","Colombia","2020-24",3,2,3,2,3,0,2,3,3,3
"293","COL","Colombia","2020-25",3,2,3,2,3,0,2,3,3,3
"294","COL","Colombia","2020-26",3,2,3,2,3,0,2,3,3,3
"295","COL","Colombia","2020-27",3,2,3,2,3,0,2,3,3,3
"296","COL","Colombia","2020-28",3,2,3,2,3,0,2,3,3,3
"297","COL","Colombia","2020-29",3,2,3,2,3,0,2,3,3,3
"298","COL","Colombia","2020-30",3,2,3,2,3,0,2,3,3,3
"299","COL","Colombia","2020-31",3,2,3,2,3,0,2,3,3,3
"300","COL","Colombia","2020-32",3,2,3,2,3,0,2,3,3,3
"301","COL","Colombia","2020-33",3,2,3,2,3,0,2,3,3,3
"302","COL","Colombia","2020-34",3,2,3,2,3,0,2,3,3,3
"303","COL","Colombia","2020-35",3,2,3,2,3,0,2,3,3,3
"304","COL","Colombia","2020-36",3,2,3,2,3,0,2,3,3,3
"305","COL","Colombia","2020-37",3,2,3,2,3,0,2,3,3,3
"306","COL","Colombia","2020-38",3,2,3,2,3,0,2,3,3,3
"307","COL","Colombia","2020-39",3,2,3,2,3,0,2,3,3,3
"308","COL","Colombia","2020-40",3,2,3,2,3,0,2,3,3,3
"309","COL","Colombia","2020-41",3,2,3,2,3,0,2,3,3,3
"310","COL","Colombia","2020-42",3,2,3,2,3,0,2,3,3,3
"311","COL","Colombia","2020-43",3,2,3,2,3,0,2,3,3,3
"312","COL","Colombia","2020-44",3,2,3,2,3,0,2,3,3,3
"313","COL","Colombia","2020-45",3,2,3,2,3,0,2,3,3,3
"314","COL","Colombia","2020-46",3,2,3,2,3,0,2,3,3,3
"315","COL","Colombia","2020-47",3,2,3,2,3,0,2,3,3,3
"316","COL","Colombia","2020-48",3,2,3,2,3,0,2,3,3,3
"317","COL","Colombia","2020-49",3,2,3,2,3,0,2,3,3,3
"318","COL","Colombia","2020-50",3,2,3,2,3,0,2,3,3,3
"319","COL","Colombia","2020-51",3,2,3,2,3,0,2,3,3,3
"320","COL","Colombia","2020-52",3,2,3,2,3,0,2,3,3,3
"321","COL","Colombia","2021-00",3,2,3,2,3,0,2,3,3,3
"322","COL","Colombia","2021-01",3,2,3,2,3,0,2,3,3,3
"323","COL","Colombia","2021-02",3,2,3,2,3,0,2,3,3,3
"324","COL","Colombia","2021-03",3,2,3,2,3,0,2,3,3,3
"325","COL","Colombia","2021-04",3,2,3,2,3,0,2,3,3,3
"326","COL","Colombia","2021-05",3,2,3,2,3,0,2,3,3,3
"327","COL","Colombia","2021-06",3,2,3,2,3,0,2,3,3,3
"328","COL","Colombia","2021-07",3,2,3,2,3,0,2,3,3,3
"329","COL","Colombia","2021-08",3,2,3,2,3,0,2,3,3,3
"330","COL","Colombia","2021-09",3,2,3,2,3,0,2,3,3,3
"331","COL","Colombia","2021-10",3,2,3,2,3,0,2,3,3,3
"332","COL","Colombia","2021-11",3,2,3,2,3,0,2,3,3,3
"333","COL","Colombia","2021-12",3,2,3,2,3,0,2,3,3,3
"334","COL","Colombia","2021-13",3,2,3,2,3,0,2,3,3,3
"335","COL","Colombia","2021-14",3,2,3,2,3,0,2,3,3,3
"336","COL","Colombia","2021-15",3,2,3,2,3,0,2,3,3,3
"337","COL","Colombia","2021-16",3,2,3,2,3,0,2,3,3,3
"338","COL","Colombia","2021-17",3,2,3,2,3,0,2,3,3,3
"339","COL","Colombia","2021-18",3,2,3,2,3,0,2,3,3,3
"340","COL","Colombia","2021-19",3,2,3,2,3,0,2,3,3,3
"341","COL","Colombia","2021-20",3,2,3,2,3,0,2,3,3,3
"342","COL","Colombia","2021-21",3,2,3,2,3,0,2,3,3,3
"343","COL","Colombia","2021-22",3,2,3,2,3,0,2,3,3,3
"344","COL","Colombia","2021-23",3,2,3,2,3,0,2,3,3,3
"345","COL","Colombia","2021-24",3,2,3,2,3,0,2,3,3,3
"346","COL","Colombia","2021-25",3,2,3,2,3,0,2,3,3,3
"347","COL","Colombia","2021-26",3,2,3,2,3,0,2,3,3,3
"348","COL","Colombia","2021-27",3,2,3,2,3,0,2,3,3,3
"349","COL","Colombia","2021-28",3,2,3,2,3,0,2,3,3,3
"350","COL","Colombia","2021-29",3,2,3,2,3,0,2,3,3,3
"351","COL","Colombia","2021-30",3,2,3,2,3,0,2,3,3,3
"352","COL","Colombia","2021-31",3,2,3,2,3,0,2,3,3,3
"353","COL","Colombia","2021-32",3,2,3,2,3,0,2,3,3,3
"354","COL","Colombia","2021-33",3,2,3,2,3,0,2,3,3,3
"355","COL","Colombia","2021-34",3,2,3,2,3,0,2,3,3,3
"356","COL","Colombia","2021-35",3,2,3,2,3,0,2,3,3,3
"357","COL","Colombia","2021-36",3,2,3,2,3,0,2,3,3,3
"358","COL","Colombia","2021-37",3,2,3,2,3,0,2,3,3,3
"359","COL","Colombia","2021-38",3,2,3,2,3,0,2,3,3,3
"360","COL","Colombia","2021-39",2,2,3,3,2,0,3,2,3,2
"361","CZE","Czech Republic","2020-03",1,1,1,1,1,5,0,0,5,1
"362","CZE","Czech Republic","2020-04",2,1,1,1,1,4,1,0,4,1
"363","CZE","Czech Republic","2020-05",1,1,1,1,1,5,0,0,5,1
"364","CZE","Czech Republic","2020-06",1,1,1,1,1,5,0,0,5,1
"365","CZE","Czech Republic","2020-07",1,1,1,1,1,5,0,0,5,1
"366","CZE","Czech Republic","2020-08",1,1,1,1,1,5,0,0,5,1
"367","CZE","Czech Republic","2020-09",1,1,1,1,1,5,0,0,5,1
"368","CZE","Czech Republic","2020-10",1,1,1,1,1,5,0,0,5,1
"369","CZE","Czech Republic","2020-11",1,1,1,1,1,5,0,0,5,1
"370","CZE","Czech Republic","2020-12",1,1,1,1,1,5,0,0,5,1
"371","CZE","Czech Republic","2020-13",1,1,1,1,1,5,0,0,5,1
"372","CZE","Czech Republic","2020-14",1,1,1,1,1,5,0,0,5,1
"373","CZE","Czech Republic","2020-15",1,1,1,1,1,5,0,0,5,1
"374","CZE","Czech Republic","2020-16",1,1,1,1,1,5,0,0,5,1
"375","CZE","Czech Republic","2020-17",1,1,1,1,1,5,0,0,5,1
"376","CZE","Czech Republic","2020-18",1,1,1,1,1,5,0,0,5,1
"377","CZE","Czech Republic","2020-19",1,1,1,1,1,5,0,0,5,1
"378","CZE","Czech Republic","2020-20",1,1,1,1,1,5,0,0,5,1
"379","CZE","Czech Republic","2020-21",1,1,1,1,1,5,0,0,5,1
"380","CZE","Czech Republic","2020-22",1,1,1,1,1,5,0,0,5,1
"381","CZE","Czech Republic","2020-23",1,1,1,1,1,5,0,0,5,1
"382","CZE","Czech Republic","2020-24",1,1,1,1,1,5,0,0,5,1
"383","CZE","Czech Republic","2020-25",1,1,1,1,1,5,0,0,5,1
"384","CZE","Czech Republic","2020-26",1,1,1,1,1,5,0,0,5,1
"385","CZE","Czech Republic","2020-27",1,1,1,1,1,5,0,0,5,1
"386","CZE","Czech Republic","2020-28",1,1,1,1,1,5,0,0,5,1
"387","CZE","Czech Republic","2020-29",1,1,1,1,1,5,0,0,5,1
"388","CZE","Czech Republic","2020-30",1,1,1,1,1,5,0,0,5,1
"389","CZE","Czech Republic","2020-31",1,1,1,1,1,5,0,0,5,1
"390","CZE","Czech Republic","2020-32",1,1,1,1,1,5,0,0,5,1
"391","CZE","Czech Republic","2020-33",1,1,1,1,1,5,0,0,5,1
"392","CZE","Czech Republic","2020-34",1,1,1,1,1,5,0,0,5,1
"393","CZE","Czech Republic","2020-35",1,1,1,1,1,5,0,0,5,1
"394","CZE","Czech Republic","2020-36",1,1,1,1,1,5,0,0,5,1
"395","CZE","Czech Republic","2020-37",1,1,1,1,1,5,0,0,5,1
"396","CZE","Czech Republic","2020-38",1,1,1,1,1,5,0,0,5,1
"397","CZE","Czech Republic","2020-39",1,1,1,1,1,5,0,0,5,1
"398","CZE","Czech Republic","2020-40",1,1,2,3,1,3,1,1,3,1
"399","CZE","Czech Republic","2020-41",2,1,2,3,2,1,3,1,3,2
"400","CZE","Czech Republic","2020-42",2,1,2,3,2,1,3,1,3,2
"401","CZE","Czech Republic","2020-43",2,1,2,3,2,1,3,1,3,2
"402","CZE","Czech Republic","2020-44",2,1,2,3,2,1,3,1,3,2
"403","CZE","Czech Republic","2020-45",2,1,2,3,2,1,3,1,3,2
"404","CZE","Czech Republic","2020-46",2,1,2,3,2,1,3,1,3,2
"405","CZE","Czech Republic","2020-47",2,1,2,3,2,1,3,1,3,2
"406","CZE","Czech Republic","2020-48",2,1,2,3,2,1,3,1,3,2
"407","CZE","Czech Republic","2020-49",2,1,2,3,2,1,3,1,3,2
"408","CZE","Czech Republic","2020-50",2,1,2,3,2,1,3,1,3,2
"409","CZE","Czech Republic","2020-51",2,1,2,3,2,1,3,1,3,2
"410","CZE","Czech Republic","2020-52",2,1,2,3,2,1,3,1,3,2
"411","CZE","Czech Republic","2021-00",2,1,2,3,2,1,3,1,3,2
"412","CZE","Czech Republic","2021-01",2,1,2,3,2,1,3,1,3,2
"413","CZE","Czech Republic","2021-02",2,1,2,3,2,1,3,1,3,2
"414","CZE","Czech Republic","2021-03",2,1,2,3,2,1,3,1,3,2
"415","CZE","Czech Republic","2021-04",2,1,2,3,2,1,3,1,3,2
"416","CZE","Czech Republic","2021-05",2,1,2,3,2,1,3,1,3,2
"417","CZE","Czech Republic","2021-06",2,1,2,3,2,1,3,1,3,2
"418","CZE","Czech Republic","2021-07",2,1,2,3,2,1,3,1,3,2
"419","CZE","Czech Republic","2021-08",2,1,2,3,2,1,3,1,3,2
"420","CZE","Czech Republic","2021-09",2,1,2,3,2,1,3,1,3,2
"421","CZE","Czech Republic","2021-10",2,1,2,3,2,1,3,1,3,2
"422","CZE","Czech Republic","2021-11",2,1,2,3,2,1,3,1,3,2
"423","CZE","Czech Republic","2021-12",2,3,2,3,2,0,3,2,3,2
"424","CZE","Czech Republic","2021-13",2,3,2,3,2,0,3,2,3,2
"425","CZE","Czech Republic","2021-14",2,3,2,3,2,0,3,2,3,2
"426","CZE","Czech Republic","2021-15",2,3,2,3,2,0,3,2,3,2
"427","CZE","Czech Republic","2021-16",2,3,2,3,2,0,3,2,3,2
"428","CZE","Czech Republic","2021-17",2,3,2,3,2,0,3,2,3,2
"429","CZE","Czech Republic","2021-18",2,3,2,3,2,0,3,2,3,2
"430","CZE","Czech Republic","2021-19",2,3,2,3,2,0,3,2,3,2
"431","CZE","Czech Republic","2021-20",2,3,2,3,2,0,3,2,3,2
"432","CZE","Czech Republic","2021-21",2,3,2,3,2,0,3,2,3,2
"433","CZE","Czech Republic","2021-22",2,3,2,3,2,0,3,2,3,2
"434","CZE","Czech Republic","2021-23",2,3,2,3,2,0,3,2,3,2
"435","CZE","Czech Republic","2021-24",2,3,2,3,2,0,3,2,3,2
"436","CZE","Czech Republic","2021-25",2,3,2,3,2,0,3,2,3,2
"437","CZE","Czech Republic","2021-26",2,3,2,3,2,0,3,2,3,2
"438","CZE","Czech Republic","2021-27",2,3,2,3,2,0,3,2,3,2
"439","CZE","Czech Republic","2021-28",2,3,2,3,2,0,3,2,3,2
"440","CZE","Czech Republic","2021-29",2,3,2,3,2,0,3,2,3,2
"441","CZE","Czech Republic","2021-30",2,3,2,3,2,0,3,2,3,2
"442","CZE","Czech Republic","2021-31",2,3,2,3,2,0,3,2,3,2
"443","CZE","Czech Republic","2021-32",2,3,2,3,2,0,3,2,3,2
"444","CZE","Czech Republic","2021-33",2,3,2,3,2,0,3,2,3,2
"445","CZE","Czech Republic","2021-34",2,3,2,3,2,0,3,2,3,2
"446","CZE","Czech Republic","2021-35",2,3,2,3,2,0,3,2,3,2
"447","CZE","Czech Republic","2021-36",2,3,2,3,2,0,3,2,3,2
"448","CZE","Czech Republic","2021-37",2,3,2,3,2,0,3,2,3,2
"449","CZE","Czech Republic","2021-38",2,3,2,3,2,0,3,2,3,2
"450","CZE","Czech Republic","2021-39",2,3,2,3,2,0,3,2,3,2
"451","HUN","Hungary","2020-03",1,1,1,1,1,5,0,0,5,1
"452","HUN","Hungary","2020-04",1,1,1,3,2,3,1,1,3,1
"453","HUN","Hungary","2020-05",1,1,1,1,1,5,0,0,5,1
"454","HUN","Hungary","2020-06",1,1,1,3,2,3,1,1,3,1
"455","HUN","Hungary","2020-07",1,1,1,3,2,3,1,1,3,1
"456","HUN","Hungary","2020-08",1,1,1,1,1,5,0,0,5,1
"457","HUN","Hungary","2020-09",1,1,1,1,1,5,0,0,5,1
"458","HUN","Hungary","2020-10",1,1,1,1,1,5,0,0,5,1
"459","HUN","Hungary","2020-11",1,1,1,1,1,5,0,0,5,1
"460","HUN","Hungary","2020-12",1,1,1,1,1,5,0,0,5,1
"461","HUN","Hungary","2020-13",1,1,1,1,1,5,0,0,5,1
"462","HUN","Hungary","2020-14",1,1,1,1,1,5,0,0,5,1
"463","HUN","Hungary","2020-15",1,1,1,1,1,5,0,0,5,1
"464","HUN","Hungary","2020-16",1,1,1,1,1,5,0,0,5,1
"465","HUN","Hungary","2020-17",1,1,1,1,1,5,0,0,5,1
"466","HUN","Hungary","2020-18",1,1,1,1,1,5,0,0,5,1
"467","HUN","Hungary","2020-19",1,1,1,1,1,5,0,0,5,1
"468","HUN","Hungary","2020-20",1,1,1,1,1,5,0,0,5,1
"469","HUN","Hungary","2020-21",1,1,1,1,1,5,0,0,5,1
"470","HUN","Hungary","2020-22",1,1,1,1,1,5,0,0,5,1
"471","HUN","Hungary","2020-23",1,1,1,1,1,5,0,0,5,1
"472","HUN","Hungary","2020-24",1,1,1,1,1,5,0,0,5,1
"473","HUN","Hungary","2020-25",1,1,1,1,1,5,0,0,5,1
"474","HUN","Hungary","2020-26",1,1,1,1,1,5,0,0,5,1
"475","HUN","Hungary","2020-27",1,1,1,1,1,5,0,0,5,1
"476","HUN","Hungary","2020-28",1,1,1,1,1,5,0,0,5,1
"477","HUN","Hungary","2020-29",1,1,1,1,1,5,0,0,5,1
"478","HUN","Hungary","2020-30",1,1,1,1,1,5,0,0,5,1
"479","HUN","Hungary","2020-31",1,1,1,1,1,5,0,0,5,1
"480","HUN","Hungary","2020-32",1,1,1,1,1,5,0,0,5,1
"481","HUN","Hungary","2020-33",1,1,1,1,1,5,0,0,5,1
"482","HUN","Hungary","2020-34",1,1,1,1,1,5,0,0,5,1
"483","HUN","Hungary","2020-35",1,1,1,1,1,5,0,0,5,1
"484","HUN","Hungary","2020-36",1,1,1,1,1,5,0,0,5,1
"485","HUN","Hungary","2020-37",1,1,1,1,1,5,0,0,5,1
"486","HUN","Hungary","2020-38",1,1,1,1,1,5,0,0,5,1
"487","HUN","Hungary","2020-39",1,1,1,1,1,5,0,0,5,1
"488","HUN","Hungary","2020-40",1,1,1,1,1,5,0,0,5,1
"489","HUN","Hungary","2020-41",1,1,1,1,1,5,0,0,5,1
"490","HUN","Hungary","2020-42",1,1,1,1,1,5,0,0,5,1
"491","HUN","Hungary","2020-43",1,1,1,1,1,5,0,0,5,1
"492","HUN","Hungary","2020-44",1,1,2,3,1,3,1,1,3,1
"493","HUN","Hungary","2020-45",2,1,2,3,2,1,3,1,3,2
"494","HUN","Hungary","2020-46",2,1,2,3,2,1,3,1,3,2
"495","HUN","Hungary","2020-47",2,1,2,3,2,1,3,1,3,2
"496","HUN","Hungary","2020-48",2,1,2,3,2,1,3,1,3,2
"497","HUN","Hungary","2020-49",2,1,2,3,2,1,3,1,3,2
"498","HUN","Hungary","2020-50",2,1,2,3,2,1,3,1,3,2
"499","HUN","Hungary","2020-51",2,1,2,3,2,1,3,1,3,2
"500","HUN","Hungary","2020-52",1,1,1,1,1,5,0,0,5,1
"501","HUN","Hungary","2021-00",1,1,1,1,1,5,0,0,5,1
"502","HUN","Hungary","2021-01",1,1,1,1,1,5,0,0,5,1
"503","HUN","Hungary","2021-02",1,1,1,1,1,5,0,0,5,1
"504","HUN","Hungary","2021-03",1,1,1,1,1,5,0,0,5,1
"505","HUN","Hungary","2021-04",1,1,1,1,1,5,0,0,5,1
"506","HUN","Hungary","2021-05",1,1,1,1,1,5,0,0,5,1
"507","HUN","Hungary","2021-06",1,1,1,1,1,5,0,0,5,1
"508","HUN","Hungary","2021-07",1,1,1,1,1,5,0,0,5,1
"509","HUN","Hungary","2021-08",2,1,2,3,2,1,3,1,3,2
"510","HUN","Hungary","2021-09",2,1,2,3,2,1,3,1,3,2
"511","HUN","Hungary","2021-10",2,1,2,3,2,1,3,1,3,2
"512","HUN","Hungary","2021-11",2,1,2,3,2,1,3,1,3,2
"513","HUN","Hungary","2021-12",2,1,2,3,2,1,3,1,3,2
"514","HUN","Hungary","2021-13",2,1,2,3,2,1,3,1,3,2
"515","HUN","Hungary","2021-14",2,1,2,3,2,1,3,1,3,2
"516","HUN","Hungary","2021-15",2,1,2,3,2,1,3,1,3,2
"517","HUN","Hungary","2021-16",2,1,2,3,2,1,3,1,3,2
"518","HUN","Hungary","2021-17",2,3,2,3,2,0,3,2,3,2
"519","HUN","Hungary","2021-18",2,3,2,3,2,0,3,2,3,2
"520","HUN","Hungary","2021-19",2,3,2,3,2,0,3,2,3,2
"521","HUN","Hungary","2021-20",2,3,2,3,2,0,3,2,3,2
"522","HUN","Hungary","2021-21",2,3,2,3,2,0,3,2,3,2
"523","HUN","Hungary","2021-22",2,3,2,3,2,0,3,2,3,2
"524","HUN","Hungary","2021-23",2,2,2,2,2,0,5,0,5,2
"525","HUN","Hungary","2021-24",2,2,2,2,2,0,5,0,5,2
"526","HUN","Hungary","2021-25",2,2,2,2,2,0,5,0,5,2
"527","HUN","Hungary","2021-26",2,2,2,2,2,0,5,0,5,2
"528","HUN","Hungary","2021-27",2,2,2,2,2,0,5,0,5,2
"529","HUN","Hungary","2021-28",2,2,2,2,2,0,5,0,5,2
"530","HUN","Hungary","2021-29",2,2,2,2,2,0,5,0,5,2
"531","HUN","Hungary","2021-30",2,2,2,2,2,0,5,0,5,2
"532","HUN","Hungary","2021-31",2,2,2,2,2,0,5,0,5,2
"533","HUN","Hungary","2021-32",2,2,2,2,2,0,5,0,5,2
"534","HUN","Hungary","2021-33",2,2,2,2,2,0,5,0,5,2
"535","HUN","Hungary","2021-34",2,2,2,2,2,0,5,0,5,2
"536","HUN","Hungary","2021-35",2,2,2,2,2,0,5,0,5,2
"537","HUN","Hungary","2021-36",2,2,2,2,2,0,5,0,5,2
"538","HUN","Hungary","2021-37",2,2,2,2,2,0,5,0,5,2
"539","HUN","Hungary","2021-38",2,2,2,2,2,0,5,0,5,2
"540","HUN","Hungary","2021-39",2,2,2,2,2,0,5,0,5,2
"541","ISL","Iceland","2020-03",2,1,1,3,1,3,1,1,3,1
"542","ISL","Iceland","2020-04",1,1,1,3,1,4,0,1,4,1
"543","ISL","Iceland","2020-05",2,1,1,1,1,4,1,0,4,1
"544","ISL","Iceland","2020-06",2,1,1,1,1,4,1,0,4,1
"545","ISL","Iceland","2020-07",2,1,1,2,1,3,2,0,3,1
"546","ISL","Iceland","2020-08",1,1,1,3,1,4,0,1,4,1
"547","ISL","Iceland","2020-09",1,1,1,1,1,5,0,0,5,1
"548","ISL","Iceland","2020-10",1,1,1,1,1,5,0,0,5,1
"549","ISL","Iceland","2020-11",1,1,1,1,1,5,0,0,5,1
"550","ISL","Iceland","2020-12",1,1,1,1,1,5,0,0,5,1
"551","ISL","Iceland","2020-13",1,1,1,1,1,5,0,0,5,1
"552","ISL","Iceland","2020-14",1,1,1,1,1,5,0,0,5,1
"553","ISL","Iceland","2020-15",1,1,1,1,1,5,0,0,5,1
"554","ISL","Iceland","2020-16",1,1,1,1,1,5,0,0,5,1
"555","ISL","Iceland","2020-17",1,1,1,1,1,5,0,0,5,1
"556","ISL","Iceland","2020-18",1,1,1,1,1,5,0,0,5,1
"557","ISL","Iceland","2020-19",1,1,1,1,1,5,0,0,5,1
"558","ISL","Iceland","2020-20",1,1,1,1,1,5,0,0,5,1
"559","ISL","Iceland","2020-21",1,1,1,1,1,5,0,0,5,1
"560","ISL","Iceland","2020-22",1,1,1,1,1,5,0,0,5,1
"561","ISL","Iceland","2020-23",1,1,1,1,1,5,0,0,5,1
"562","ISL","Iceland","2020-24",1,1,1,1,1,5,0,0,5,1
"563","ISL","Iceland","2020-25",1,1,1,1,1,5,0,0,5,1
"564","ISL","Iceland","2020-26",1,1,1,1,1,5,0,0,5,1
"565","ISL","Iceland","2020-27",1,1,1,1,1,5,0,0,5,1
"566","ISL","Iceland","2020-28",1,1,1,1,1,5,0,0,5,1
"567","ISL","Iceland","2020-29",1,1,1,1,1,5,0,0,5,1
"568","ISL","Iceland","2020-30",1,1,1,1,1,5,0,0,5,1
"569","ISL","Iceland","2020-31",1,1,1,1,1,5,0,0,5,1
"570","ISL","Iceland","2020-32",1,1,1,1,1,5,0,0,5,1
"571","ISL","Iceland","2020-33",1,1,1,1,1,5,0,0,5,1
"572","ISL","Iceland","2020-34",1,1,1,1,1,5,0,0,5,1
"573","ISL","Iceland","2020-35",1,1,1,1,1,5,0,0,5,1
"574","ISL","Iceland","2020-36",1,1,1,1,1,5,0,0,5,1
"575","ISL","Iceland","2020-37",1,1,1,1,1,5,0,0,5,1
"576","ISL","Iceland","2020-38",1,1,1,1,1,5,0,0,5,1
"577","ISL","Iceland","2020-39",1,1,1,1,1,5,0,0,5,1
"578","ISL","Iceland","2020-40",1,1,1,1,1,5,0,0,5,1
"579","ISL","Iceland","2020-41",1,1,1,1,1,5,0,0,5,1
"580","ISL","Iceland","2020-42",1,1,1,1,1,5,0,0,5,1
"581","ISL","Iceland","2020-43",1,1,1,1,1,5,0,0,5,1
"582","ISL","Iceland","2020-44",1,1,1,1,1,5,0,0,5,1
"583","ISL","Iceland","2020-45",1,1,1,1,1,5,0,0,5,1
"584","ISL","Iceland","2020-46",1,1,1,1,1,5,0,0,5,1
"585","ISL","Iceland","2020-47",1,1,1,1,1,5,0,0,5,1
"586","ISL","Iceland","2020-48",1,1,1,1,1,5,0,0,5,1
"587","ISL","Iceland","2020-49",1,1,1,1,1,5,0,0,5,1
"588","ISL","Iceland","2020-50",1,1,1,1,1,5,0,0,5,1
"589","ISL","Iceland","2020-51",1,1,1,1,1,5,0,0,5,1
"590","ISL","Iceland","2020-52",1,1,1,1,1,5,0,0,5,1
"591","ISL","Iceland","2021-00",1,1,1,1,1,5,0,0,5,1
"592","ISL","Iceland","2021-01",1,1,1,1,1,5,0,0,5,1
"593","ISL","Iceland","2021-02",1,1,1,1,1,5,0,0,5,1
"594","ISL","Iceland","2021-03",1,1,1,1,1,5,0,0,5,1
"595","ISL","Iceland","2021-04",1,1,1,1,1,5,0,0,5,1
"596","ISL","Iceland","2021-05",1,1,1,1,1,5,0,0,5,1
"597","ISL","Iceland","2021-06",1,1,1,1,1,5,0,0,5,1
"598","ISL","Iceland","2021-07",1,1,1,1,1,5,0,0,5,1
"599","ISL","Iceland","2021-08",1,1,1,1,1,5,0,0,5,1
"600","ISL","Iceland","2021-09",1,1,1,1,1,5,0,0,5,1
"601","ISL","Iceland","2021-10",1,1,1,1,1,5,0,0,5,1
"602","ISL","Iceland","2021-11",1,1,1,1,1,5,0,0,5,1
"603","ISL","Iceland","2021-12",1,1,1,1,1,5,0,0,5,1
"604","ISL","Iceland","2021-13",1,1,1,1,1,5,0,0,5,1
"605","ISL","Iceland","2021-14",1,1,1,1,1,5,0,0,5,1
"606","ISL","Iceland","2021-15",1,1,1,1,1,5,0,0,5,1
"607","ISL","Iceland","2021-16",1,1,1,1,1,5,0,0,5,1
"608","ISL","Iceland","2021-17",1,1,1,1,1,5,0,0,5,1
"609","ISL","Iceland","2021-18",1,1,1,1,1,5,0,0,5,1
"610","ISL","Iceland","2021-19",2,1,1,1,2,3,2,0,3,1
"611","ISL","Iceland","2021-20",2,1,1,1,2,3,2,0,3,1
"612","ISL","Iceland","2021-21",2,1,1,1,2,3,2,0,3,1
"613","ISL","Iceland","2021-22",2,1,1,1,2,3,2,0,3,1
"614","ISL","Iceland","2021-23",2,1,1,1,2,3,2,0,3,1
"615","ISL","Iceland","2021-24",2,1,1,1,2,3,2,0,3,1
"616","ISL","Iceland","2021-25",2,1,1,1,2,3,2,0,3,1
"617","ISL","Iceland","2021-26",2,1,1,1,2,3,2,0,3,1
"618","ISL","Iceland","2021-27",2,1,1,1,2,3,2,0,3,1
"619","ISL","Iceland","2021-28",2,1,1,1,2,3,2,0,3,1
"620","ISL","Iceland","2021-29",2,1,1,1,2,3,2,0,3,1
"621","ISL","Iceland","2021-30",2,1,1,1,2,3,2,0,3,1
"622","ISL","Iceland","2021-31",2,1,1,1,2,3,2,0,3,1
"623","ISL","Iceland","2021-32",1,1,1,1,1,5,0,0,5,1
"624","ISL","Iceland","2021-33",1,1,1,1,1,5,0,0,5,1
"625","ISL","Iceland","2021-34",2,1,1,1,2,3,2,0,3,1
"626","ISL","Iceland","2021-35",2,1,1,1,2,3,2,0,3,1
"627","ISL","Iceland","2021-36",2,1,1,1,2,3,2,0,3,1
"628","ISL","Iceland","2021-37",2,1,1,1,2,3,2,0,3,1
"629","ISL","Iceland","2021-38",2,1,1,1,2,3,2,0,3,1
"630","ISL","Iceland","2021-39",1,1,1,1,1,5,0,0,5,1
"631","ISR","Israel","2020-03",1,1,1,1,1,5,0,0,5,1
"632","ISR","Israel","2020-04",1,1,1,2,1,4,1,0,4,1
"633","ISR","Israel","2020-05",1,1,1,2,1,4,1,0,4,1
"634","ISR","Israel","2020-06",1,1,1,1,1,5,0,0,5,1
"635","ISR","Israel","2020-07",1,1,1,1,1,5,0,0,5,1
"636","ISR","Israel","2020-08",1,1,1,1,1,5,0,0,5,1
"637","ISR","Israel","2020-09",1,1,1,2,1,4,1,0,4,1
"638","ISR","Israel","2020-10",1,1,1,1,1,5,0,0,5,1
"639","ISR","Israel","2020-11",1,1,1,1,1,5,0,0,5,1
"640","ISR","Israel","2020-12",1,1,1,1,1,5,0,0,5,1
"641","ISR","Israel","2020-13",1,1,1,1,1,5,0,0,5,1
"642","ISR","Israel","2020-14",1,1,1,1,1,5,0,0,5,1
"643","ISR","Israel","2020-15",1,1,1,1,1,5,0,0,5,1
"644","ISR","Israel","2020-16",1,1,1,1,1,5,0,0,5,1
"645","ISR","Israel","2020-17",1,1,1,1,1,5,0,0,5,1
"646","ISR","Israel","2020-18",1,1,1,1,1,5,0,0,5,1
"647","ISR","Israel","2020-19",1,1,1,1,1,5,0,0,5,1
"648","ISR","Israel","2020-20",1,1,1,1,1,5,0,0,5,1
"649","ISR","Israel","2020-21",1,1,1,1,1,5,0,0,5,1
"650","ISR","Israel","2020-22",1,1,1,1,1,5,0,0,5,1
"651","ISR","Israel","2020-23",1,1,1,1,1,5,0,0,5,1
"652","ISR","Israel","2020-24",1,1,1,1,1,5,0,0,5,1
"653","ISR","Israel","2020-25",1,1,1,1,1,5,0,0,5,1
"654","ISR","Israel","2020-26",1,1,1,1,1,5,0,0,5,1
"655","ISR","Israel","2020-27",1,1,1,1,1,5,0,0,5,1
"656","ISR","Israel","2020-28",1,1,1,1,1,5,0,0,5,1
"657","ISR","Israel","2020-29",1,1,1,1,1,5,0,0,5,1
"658","ISR","Israel","2020-30",1,1,1,1,1,5,0,0,5,1
"659","ISR","Israel","2020-31",1,1,1,1,1,5,0,0,5,1
"660","ISR","Israel","2020-32",1,1,1,1,1,5,0,0,5,1
"661","ISR","Israel","2020-33",1,1,1,1,1,5,0,0,5,1
"662","ISR","Israel","2020-34",1,1,1,1,1,5,0,0,5,1
"663","ISR","Israel","2020-35",1,1,1,1,1,5,0,0,5,1
"664","ISR","Israel","2020-36",1,1,1,1,1,5,0,0,5,1
"665","ISR","Israel","2020-37",1,1,2,1,1,4,1,0,4,1
"666","ISR","Israel","2020-38",1,1,2,1,1,4,1,0,4,1
"667","ISR","Israel","2020-39",1,1,2,1,1,4,1,0,4,1
"668","ISR","Israel","2020-40",1,1,2,1,1,4,1,0,4,1
"669","ISR","Israel","2020-41",1,1,1,1,1,5,0,0,5,1
"670","ISR","Israel","2020-42",1,1,1,1,1,5,0,0,5,1
"671","ISR","Israel","2020-43",1,1,1,1,1,5,0,0,5,1
"672","ISR","Israel","2020-44",1,1,1,1,1,5,0,0,5,1
"673","ISR","Israel","2020-45",1,1,1,1,1,5,0,0,5,1
"674","ISR","Israel","2020-46",1,1,1,1,1,5,0,0,5,1
"675","ISR","Israel","2020-47",1,1,1,1,1,5,0,0,5,1
"676","ISR","Israel","2020-48",1,1,1,1,1,5,0,0,5,1
"677","ISR","Israel","2020-49",1,1,1,1,1,5,0,0,5,1
"678","ISR","Israel","2020-50",1,1,1,1,1,5,0,0,5,1
"679","ISR","Israel","2020-51",1,1,1,1,1,5,0,0,5,1
"680","ISR","Israel","2020-52",1,1,1,1,1,5,0,0,5,1
"681","ISR","Israel","2021-00",1,1,1,1,1,5,0,0,5,1
"682","ISR","Israel","2021-01",1,1,1,1,1,5,0,0,5,1
"683","ISR","Israel","2021-02",2,3,2,3,2,0,3,2,3,2
"684","ISR","Israel","2021-03",2,3,2,3,2,0,3,2,3,2
"685","ISR","Israel","2021-04",2,3,2,3,2,0,3,2,3,2
"686","ISR","Israel","2021-05",2,3,2,3,2,0,3,2,3,2
"687","ISR","Israel","2021-06",2,3,2,3,2,0,3,2,3,2
"688","ISR","Israel","2021-07",2,3,2,3,2,0,3,2,3,2
"689","ISR","Israel","2021-08",2,3,2,3,2,0,3,2,3,2
"690","ISR","Israel","2021-09",2,3,2,3,2,0,3,2,3,2
"691","ISR","Israel","2021-10",2,3,2,3,2,0,3,2,3,2
"692","ISR","Israel","2021-11",2,3,2,3,2,0,3,2,3,2
"693","ISR","Israel","2021-12",2,3,2,3,2,0,3,2,3,2
"694","ISR","Israel","2021-13",2,3,2,3,2,0,3,2,3,2
"695","ISR","Israel","2021-14",2,3,2,3,2,0,3,2,3,2
"696","ISR","Israel","2021-15",2,3,2,3,2,0,3,2,3,2
"697","ISR","Israel","2021-16",2,3,2,3,2,0,3,2,3,2
"698","ISR","Israel","2021-17",2,3,2,3,2,0,3,2,3,2
"699","ISR","Israel","2021-18",2,3,2,3,2,0,3,2,3,2
"700","ISR","Israel","2021-19",2,3,2,3,2,0,3,2,3,2
"701","ISR","Israel","2021-20",2,3,2,3,2,0,3,2,3,2
"702","ISR","Israel","2021-21",2,3,2,3,2,0,3,2,3,2
"703","ISR","Israel","2021-22",2,3,2,3,2,0,3,2,3,2
"704","ISR","Israel","2021-23",2,3,2,3,2,0,3,2,3,2
"705","ISR","Israel","2021-24",2,3,2,3,2,0,3,2,3,2
"706","ISR","Israel","2021-25",2,3,2,3,2,0,3,2,3,2
"707","ISR","Israel","2021-26",2,3,2,3,2,0,3,2,3,2
"708","ISR","Israel","2021-27",2,3,2,3,2,0,3,2,3,2
"709","ISR","Israel","2021-28",2,3,2,3,2,0,3,2,3,2
"710","ISR","Israel","2021-29",2,3,2,3,2,0,3,2,3,2
"711","ISR","Israel","2021-30",2,3,2,3,2,0,3,2,3,2
"712","ISR","Israel","2021-31",2,3,2,3,2,0,3,2,3,2
"713","ISR","Israel","2021-32",2,3,2,3,2,0,3,2,3,2
"714","ISR","Israel","2021-33",2,3,2,3,2,0,3,2,3,2
"715","ISR","Israel","2021-34",2,3,2,3,2,0,3,2,3,2
"716","ISR","Israel","2021-35",2,3,2,3,2,0,3,2,3,2
"717","ISR","Israel","2021-36",2,3,2,3,2,0,3,2,3,2
"718","ISR","Israel","2021-37",2,3,2,3,2,0,3,2,3,2
"719","ISR","Israel","2021-38",2,3,2,3,2,0,3,2,3,2
"720","ISR","Israel","2021-39",2,3,2,3,2,0,3,2,3,2
"721","JPN","Japan","2020-03",1,1,1,2,1,4,1,0,4,1
"722","JPN","Japan","2020-04",1,1,1,1,1,5,0,0,5,1
"723","JPN","Japan","2020-05",1,1,1,1,1,5,0,0,5,1
"724","JPN","Japan","2020-06",1,1,1,1,1,5,0,0,5,1
"725","JPN","Japan","2020-07",1,1,1,1,1,5,0,0,5,1
"726","JPN","Japan","2020-08",1,1,1,1,1,5,0,0,5,1
"727","JPN","Japan","2020-09",1,1,1,1,1,5,0,0,5,1
"728","JPN","Japan","2020-10",1,1,1,1,1,5,0,0,5,1
"729","JPN","Japan","2020-11",1,1,1,1,1,5,0,0,5,1
"730","JPN","Japan","2020-12",1,1,1,1,1,5,0,0,5,1
"731","JPN","Japan","2020-13",1,1,1,1,1,5,0,0,5,1
"732","JPN","Japan","2020-14",1,1,1,1,1,5,0,0,5,1
"733","JPN","Japan","2020-15",1,1,1,1,1,5,0,0,5,1
"734","JPN","Japan","2020-16",1,1,1,1,1,5,0,0,5,1
"735","JPN","Japan","2020-17",1,1,1,1,1,5,0,0,5,1
"736","JPN","Japan","2020-18",1,1,1,1,1,5,0,0,5,1
"737","JPN","Japan","2020-19",1,1,1,1,1,5,0,0,5,1
"738","JPN","Japan","2020-20",1,1,1,1,1,5,0,0,5,1
"739","JPN","Japan","2020-21",1,1,1,1,1,5,0,0,5,1
"740","JPN","Japan","2020-22",1,1,1,1,1,5,0,0,5,1
"741","JPN","Japan","2020-23",1,1,1,1,1,5,0,0,5,1
"742","JPN","Japan","2020-24",1,1,1,1,1,5,0,0,5,1
"743","JPN","Japan","2020-25",1,1,1,1,1,5,0,0,5,1
"744","JPN","Japan","2020-26",1,1,1,1,1,5,0,0,5,1
"745","JPN","Japan","2020-27",1,1,1,1,1,5,0,0,5,1
"746","JPN","Japan","2020-28",1,1,1,1,1,5,0,0,5,1
"747","JPN","Japan","2020-29",1,1,1,1,1,5,0,0,5,1
"748","JPN","Japan","2020-30",1,1,1,1,1,5,0,0,5,1
"749","JPN","Japan","2020-31",1,1,1,1,1,5,0,0,5,1
"750","JPN","Japan","2020-32",1,1,1,1,1,5,0,0,5,1
"751","JPN","Japan","2020-33",1,1,1,1,1,5,0,0,5,1
"752","JPN","Japan","2020-34",1,1,1,1,1,5,0,0,5,1
"753","JPN","Japan","2020-35",1,1,1,1,1,5,0,0,5,1
"754","JPN","Japan","2020-36",1,1,1,1,1,5,0,0,5,1
"755","JPN","Japan","2020-37",1,1,1,1,1,5,0,0,5,1
"756","JPN","Japan","2020-38",1,1,1,1,1,5,0,0,5,1
"757","JPN","Japan","2020-39",1,1,1,1,1,5,0,0,5,1
"758","JPN","Japan","2020-40",1,1,1,1,1,5,0,0,5,1
"759","JPN","Japan","2020-41",1,1,1,1,1,5,0,0,5,1
"760","JPN","Japan","2020-42",1,1,1,1,1,5,0,0,5,1
"761","JPN","Japan","2020-43",1,1,1,1,1,5,0,0,5,1
"762","JPN","Japan","2020-44",1,1,1,1,1,5,0,0,5,1
"763","JPN","Japan","2020-45",1,1,1,1,1,5,0,0,5,1
"764","JPN","Japan","2020-46",1,1,1,1,1,5,0,0,5,1
"765","JPN","Japan","2020-47",1,1,1,1,1,5,0,0,5,1
"766","JPN","Japan","2020-48",1,1,1,1,1,5,0,0,5,1
"767","JPN","Japan","2020-49",1,1,1,1,1,5,0,0,5,1
"768","JPN","Japan","2020-50",1,1,1,1,1,5,0,0,5,1
"769","JPN","Japan","2020-51",1,1,1,1,1,5,0,0,5,1
"770","JPN","Japan","2020-52",1,1,1,1,1,5,0,0,5,1
"771","JPN","Japan","2021-00",1,1,1,1,1,5,0,0,5,1
"772","JPN","Japan","2021-01",1,1,1,1,1,5,0,0,5,1
"773","JPN","Japan","2021-02",1,1,1,1,1,5,0,0,5,1
"774","JPN","Japan","2021-03",1,1,1,1,1,5,0,0,5,1
"775","JPN","Japan","2021-04",1,1,1,1,1,5,0,0,5,1
"776","JPN","Japan","2021-05",1,1,1,1,1,5,0,0,5,1
"777","JPN","Japan","2021-06",1,1,1,1,1,5,0,0,5,1
"778","JPN","Japan","2021-07",1,1,1,1,1,5,0,0,5,1
"779","JPN","Japan","2021-08",1,1,1,1,1,5,0,0,5,1
"780","JPN","Japan","2021-09",1,1,1,1,1,5,0,0,5,1
"781","JPN","Japan","2021-10",1,1,1,1,1,5,0,0,5,1
"782","JPN","Japan","2021-11",1,1,1,1,1,5,0,0,5,1
"783","JPN","Japan","2021-12",1,1,1,1,1,5,0,0,5,1
"784","JPN","Japan","2021-13",1,1,1,1,1,5,0,0,5,1
"785","JPN","Japan","2021-14",1,1,1,1,1,5,0,0,5,1
"786","JPN","Japan","2021-15",1,1,1,1,1,5,0,0,5,1
"787","JPN","Japan","2021-16",1,1,1,1,1,5,0,0,5,1
"788","JPN","Japan","2021-17",1,1,1,1,1,5,0,0,5,1
"789","JPN","Japan","2021-18",1,1,1,1,1,5,0,0,5,1
"790","JPN","Japan","2021-19",1,1,1,1,1,5,0,0,5,1
"791","JPN","Japan","2021-20",1,1,1,1,1,5,0,0,5,1
"792","JPN","Japan","2021-21",1,1,1,1,1,5,0,0,5,1
"793","JPN","Japan","2021-22",1,1,1,1,1,5,0,0,5,1
"794","JPN","Japan","2021-23",1,1,1,1,1,5,0,0,5,1
"795","JPN","Japan","2021-24",1,1,1,1,1,5,0,0,5,1
"796","JPN","Japan","2021-25",1,1,1,1,1,5,0,0,5,1
"797","JPN","Japan","2021-26",1,1,1,1,1,5,0,0,5,1
"798","JPN","Japan","2021-27",1,1,1,1,1,5,0,0,5,1
"799","JPN","Japan","2021-28",1,1,1,1,1,5,0,0,5,1
"800","JPN","Japan","2021-29",1,1,1,1,1,5,0,0,5,1
"801","JPN","Japan","2021-30",1,1,1,1,1,5,0,0,5,1
"802","JPN","Japan","2021-31",1,1,1,1,1,5,0,0,5,1
"803","JPN","Japan","2021-32",1,1,1,1,1,5,0,0,5,1
"804","JPN","Japan","2021-33",1,1,1,1,1,5,0,0,5,1
"805","JPN","Japan","2021-34",1,1,1,1,1,5,0,0,5,1
"806","JPN","Japan","2021-35",1,1,1,1,1,5,0,0,5,1
"807","JPN","Japan","2021-36",1,1,1,1,1,5,0,0,5,1
"808","JPN","Japan","2021-37",1,1,1,1,1,5,0,0,5,1
"809","JPN","Japan","2021-38",1,1,1,1,1,5,0,0,5,1
"810","JPN","Japan","2021-39",1,1,3,1,1,4,0,1,4,1
"811","MEX","Mexico","2020-03",3,2,3,2,1,1,2,2,2,2
"812","MEX","Mexico","2020-04",3,2,3,2,1,1,2,2,2,2
"813","MEX","Mexico","2020-05",3,2,3,2,1,1,2,2,2,2
"814","MEX","Mexico","2020-06",3,2,3,2,1,1,2,2,2,2
"815","MEX","Mexico","2020-07",3,2,3,2,1,1,2,2,2,2
"816","MEX","Mexico","2020-08",3,2,3,2,1,1,2,2,2,2
"817","MEX","Mexico","2020-09",3,2,3,2,1,1,2,2,2,2
"818","MEX","Mexico","2020-10",3,2,3,2,1,1,2,2,2,2
"819","MEX","Mexico","2020-11",3,2,3,2,1,1,2,2,2,2
"820","MEX","Mexico","2020-12",3,2,3,2,3,0,2,3,3,3
"821","MEX","Mexico","2020-13",3,2,3,2,3,0,2,3,3,3
"822","MEX","Mexico","2020-14",3,2,3,2,3,0,2,3,3,3
"823","MEX","Mexico","2020-15",3,2,3,2,3,0,2,3,3,3
"824","MEX","Mexico","2020-16",3,2,3,2,3,0,2,3,3,3
"825","MEX","Mexico","2020-17",3,2,3,2,3,0,2,3,3,3
"826","MEX","Mexico","2020-18",3,2,3,2,3,0,2,3,3,3
"827","MEX","Mexico","2020-19",3,2,3,2,3,0,2,3,3,3
"828","MEX","Mexico","2020-20",3,2,3,2,3,0,2,3,3,3
"829","MEX","Mexico","2020-21",3,2,3,2,3,0,2,3,3,3
"830","MEX","Mexico","2020-22",3,2,3,2,3,0,2,3,3,3
"831","MEX","Mexico","2020-23",3,2,3,2,3,0,2,3,3,3
"832","MEX","Mexico","2020-24",3,2,3,2,3,0,2,3,3,3
"833","MEX","Mexico","2020-25",3,2,3,2,3,0,2,3,3,3
"834","MEX","Mexico","2020-26",3,2,3,2,3,0,2,3,3,3
"835","MEX","Mexico","2020-27",3,2,3,2,3,0,2,3,3,3
"836","MEX","Mexico","2020-28",3,2,3,2,3,0,2,3,3,3
"837","MEX","Mexico","2020-29",3,2,3,2,3,0,2,3,3,3
"838","MEX","Mexico","2020-30",3,2,3,2,3,0,2,3,3,3
"839","MEX","Mexico","2020-31",3,2,3,2,3,0,2,3,3,3
"840","MEX","Mexico","2020-32",3,2,3,2,3,0,2,3,3,3
"841","MEX","Mexico","2020-33",3,2,3,2,3,0,2,3,3,3
"842","MEX","Mexico","2020-34",3,2,3,2,3,0,2,3,3,3
"843","MEX","Mexico","2020-35",3,2,3,2,3,0,2,3,3,3
"844","MEX","Mexico","2020-36",3,2,3,2,3,0,2,3,3,3
"845","MEX","Mexico","2020-37",3,2,3,2,3,0,2,3,3,3
"846","MEX","Mexico","2020-38",3,2,3,2,3,0,2,3,3,3
"847","MEX","Mexico","2020-39",3,2,3,2,3,0,2,3,3,3
"848","MEX","Mexico","2020-40",3,2,3,2,3,0,2,3,3,3
"849","MEX","Mexico","2020-41",3,2,3,2,3,0,2,3,3,3
"850","MEX","Mexico","2020-42",3,2,3,2,3,0,2,3,3,3
"851","MEX","Mexico","2020-43",3,2,3,2,3,0,2,3,3,3
"852","MEX","Mexico","2020-44",3,2,3,2,3,0,2,3,3,3
"853","MEX","Mexico","2020-45",3,2,3,2,3,0,2,3,3,3
"854","MEX","Mexico","2020-46",3,2,3,2,3,0,2,3,3,3
"855","MEX","Mexico","2020-47",3,2,3,2,3,0,2,3,3,3
"856","MEX","Mexico","2020-48",3,2,3,2,3,0,2,3,3,3
"857","MEX","Mexico","2020-49",3,2,3,2,3,0,2,3,3,3
"858","MEX","Mexico","2020-50",3,2,3,2,3,0,2,3,3,3
"859","MEX","Mexico","2020-51",3,2,3,2,3,0,2,3,3,3
"860","MEX","Mexico","2020-52",3,2,3,2,3,0,2,3,3,3
"861","MEX","Mexico","2021-00",3,2,3,2,3,0,2,3,3,3
"862","MEX","Mexico","2021-01",3,2,3,2,3,0,2,3,3,3
"863","MEX","Mexico","2021-02",3,2,3,2,3,0,2,3,3,3
"864","MEX","Mexico","2021-03",3,2,3,2,3,0,2,3,3,3
"865","MEX","Mexico","2021-04",3,2,3,2,3,0,2,3,3,3
"866","MEX","Mexico","2021-05",3,2,3,2,3,0,2,3,3,3
"867","MEX","Mexico","2021-06",3,2,3,2,3,0,2,3,3,3
"868","MEX","Mexico","2021-07",3,2,3,2,3,0,2,3,3,3
"869","MEX","Mexico","2021-08",3,2,3,2,3,0,2,3,3,3
"870","MEX","Mexico","2021-09",3,2,3,2,3,0,2,3,3,3
"871","MEX","Mexico","2021-10",3,2,3,2,3,0,2,3,3,3
"872","MEX","Mexico","2021-11",3,2,3,2,3,0,2,3,3,3
"873","MEX","Mexico","2021-12",3,2,3,2,3,0,2,3,3,3
"874","MEX","Mexico","2021-13",3,2,3,2,3,0,2,3,3,3
"875","MEX","Mexico","2021-14",3,2,3,2,3,0,2,3,3,3
"876","MEX","Mexico","2021-15",3,2,3,2,3,0,2,3,3,3
"877","MEX","Mexico","2021-16",3,2,3,2,3,0,2,3,3,3
"878","MEX","Mexico","2021-17",3,2,3,2,3,0,2,3,3,3
"879","MEX","Mexico","2021-18",3,2,3,2,3,0,2,3,3,3
"880","MEX","Mexico","2021-19",3,2,3,2,3,0,2,3,3,3
"881","MEX","Mexico","2021-20",3,2,3,2,3,0,2,3,3,3
"882","MEX","Mexico","2021-21",3,2,3,2,3,0,2,3,3,3
"883","MEX","Mexico","2021-22",3,2,3,2,3,0,2,3,3,3
"884","MEX","Mexico","2021-23",3,2,3,2,3,0,2,3,3,3
"885","MEX","Mexico","2021-24",3,2,3,2,3,0,2,3,3,3
"886","MEX","Mexico","2021-25",3,2,3,2,3,0,2,3,3,3
"887","MEX","Mexico","2021-26",3,2,3,2,3,0,2,3,3,3
"888","MEX","Mexico","2021-27",3,2,3,2,3,0,2,3,3,3
"889","MEX","Mexico","2021-28",3,2,3,2,3,0,2,3,3,3
"890","MEX","Mexico","2021-29",3,2,3,2,3,0,2,3,3,3
"891","MEX","Mexico","2021-30",3,2,3,2,3,0,2,3,3,3
"892","MEX","Mexico","2021-31",3,2,3,2,3,0,2,3,3,3
"893","MEX","Mexico","2021-32",3,2,3,2,3,0,2,3,3,3
"894","MEX","Mexico","2021-33",3,2,3,2,3,0,2,3,3,3
"895","MEX","Mexico","2021-34",3,2,3,2,3,0,2,3,3,3
"896","MEX","Mexico","2021-35",3,2,3,2,3,0,2,3,3,3
"897","MEX","Mexico","2021-36",3,2,3,2,3,0,2,3,3,3
"898","MEX","Mexico","2021-37",3,2,3,2,3,0,2,3,3,3
"899","MEX","Mexico","2021-38",3,2,3,2,3,0,2,3,3,3
"900","MEX","Mexico","2021-39",1,1,1,2,1,4,1,0,4,1
